temp_hi,temp_low,weather,t_stamp,clock
14,13,Passing clouds,1546322400,6
13,7,Partly sunny,1546344000,12
7,4,Passing clouds,1546365600,18
3,2,Sunny,1546408800,6
4,3,Sunny,1546430400,12
4,3,Mostly cloudy,1546452000,18
7,6,Mostly cloudy,1546495200,6
6,4,Passing clouds,1546516800,12
4,3,Passing clouds,1546538400,18
6,2,Sunny,1546581600,6
8,7,Sunny,1546603200,12
8,7,Clear,1546624800,18
7,6,Light rain,1546668000,6
7,6,Light rain,1546689600,12
7,5,Clear,1546711200,18
9,7,Partly sunny,1546754400,6
9,4,Passing clouds,1546776000,12
3,-1,Passing clouds,1546797600,18
-2,-4,Sunny,1546840800,6
-1,-1,Sunny,1546862400,12
1,0,Passing clouds,1546884000,18
7,4,Fog,1546927200,6
6,6,Fog,1546948800,12
7,6,Fog,1546970400,18
7,6,Sunny,1547013600,6
7,4,Overcast,1547035200,12
4,1,Passing clouds,1547056800,18
1,0,Overcast,1547100000,6
1,0,Overcast,1547121600,12
-1,-2,Passing clouds,1547143200,18
-3,-6,Sunny,1547186400,6
-1,-3,Sunny,1547208000,12
-3,-6,Clear,1547229600,18
-2,-6,Overcast,1547272800,6
1,-1,Partly sunny,1547294400,12
0,-1,Overcast,1547316000,18
-1,-4,Light snow,1547359200,6
1,-1,Sunny,1547380800,12
-1,-3,Clear,1547402400,18
-2,-5,Sunny,1547445600,6
0,-1,Sunny,1547467200,12
-1,-2,Clear,1547488800,18
0,-4,Sunny,1547532000,6
2,0,Sunny,1547553600,12
1,0,Clear,1547575200,18
2,-1,Overcast,1547618400,6
4,2,Overcast,1547640000,12
4,1,Clear,1547661600,18
-2,-4,Sunny,1547704800,6
-1,-1,Sunny,1547726400,12
-1,-1,Mostly cloudy,1547748000,18
3,-1,Light snow,1547791200,6
4,3,Mostly cloudy,1547812800,12
3,2,Clear,1547834400,18
3,0,Sunny,1547877600,6
3,2,Overcast,1547899200,12
3,1,Light snow,1547920800,18
6,3,Light rain,1547964000,6
3,-6,Overcast,1547985600,12
-7,-10,Clear,1548007200,18
-13,-16,Passing clouds,1548050400,6
-10,-12,Sunny,1548072000,12
-10,-12,Clear,1548093600,18
-5,-10,Sunny,1548136800,6
-1,-4,Sunny,1548158400,12
-1,-2,Clear,1548180000,18
3,0,Overcast,1548223200,6
8,6,Overcast,1548244800,12
11,7,Mostly cloudy,1548266400,18
14,11,Rain,1548309600,6
15,8,Light rain,1548331200,12
6,2,Overcast,1548352800,18
3,1,Overcast,1548396000,6
4,1,Passing clouds,1548417600,12
1,-2,Clear,1548439200,18
-1,-4,Sunny,1548482400,6
1,1,Passing clouds,1548504000,12
1,1,Overcast,1548525600,18
8,2,Sunny,1548568800,6
9,8,Partly sunny,1548590400,12
7,3,Passing clouds,1548612000,18
-3,-4,Sunny,1548655200,6
-1,-2,Sunny,1548676800,12
-3,-3,Clear,1548698400,18
3,-2,Cloudy,1548741600,6
6,4,Mostly cloudy,1548763200,12
6,2,Light rain,1548784800,18
-3,-7,Sunny,1548828000,6
1,-9,Sunny,1548849600,12
-12,-14,Clear,1548871200,18
-11,-16,Sunny,1548914400,6
-9,-10,Sunny,1548936000,12
-10,-10,Clear,1548957600,18
-9,-12,Sunny,1549000800,6
-6,-8,Overcast,1549022400,12
-6,-8,Clear,1549044000,18
-2,-8,Sunny,1549087200,6
1,-2,Sunny,1549108800,12
0,0,Clear,1549130400,18
8,1,Sunny,1549173600,6
11,7,Sunny,1549195200,12
7,6,Clear,1549216800,18
14,5,Sunny,1549260000,6
16,11,Sunny,1549281600,12
10,8,Clear,1549303200,18
14,10,Mostly cloudy,1549346400,6
18,16,Sunny,1549368000,12
16,7,Clear,1549389600,18
7,2,Sunny,1549432800,6
8,6,Overcast,1549454400,12
6,4,Heavy rain,1549476000,18
6,4,Low clouds,1549519200,6
7,6,Low clouds,1549540800,12
6,6,Fog,1549562400,18
8,6,Light rain,1549605600,6
12,7,Sunny,1549627200,12
6,0,Clear,1549648800,18
-2,-4,Sunny,1549692000,6
0,-1,Sunny,1549713600,12
-1,-3,Clear,1549735200,18
-1,-5,Sunny,1549778400,6
2,0,Sunny,1549800000,12
1,1,Mostly cloudy,1549821600,18
2,-1,Overcast,1549864800,6
3,2,Mostly cloudy,1549886400,12
2,1,Clear,1549908000,18
-1,-3,Light snow,1549951200,6
1,-3,Light snow,1549972800,12
2,1,Light rain,1549994400,18
4,3,Sunny,1550037600,6
4,2,Overcast,1550059200,12
2,1,Clear,1550080800,18
4,1,Sunny,1550124000,6
7,6,Sunny,1550145600,12
7,6,Clear,1550167200,18
11,8,Overcast,1550210400,6
14,12,Overcast,1550232000,12
14,9,Overcast,1550253600,18
4,1,Sunny,1550296800,6
6,4,Sunny,1550318400,12
3,0,Clear,1550340000,18
2,-3,Sunny,1550383200,6
2,2,Sunny,1550404800,12
2,1,Light rain,1550426400,18
4,1,Fog,1550469600,6
6,1,Partly sunny,1550491200,12
-1,-3,Clear,1550512800,18
-2,-4,Sunny,1550556000,6
2,0,Sunny,1550577600,12
1,-2,Clear,1550599200,18
-1,-3,Sunny,1550642400,6
-2,-3,Light snow,1550664000,12
1,-2,Freezing rain,1550685600,18
7,1,Fog,1550728800,6
11,8,Passing clouds,1550750400,12
9,7,Clear,1550772000,18
6,4,Sunny,1550815200,6
7,6,Sunny,1550836800,12
5,3,Clear,1550858400,18
4,1,Sunny,1550901600,6
6,4,Sunny,1550923200,12
4,3,Overcast,1550944800,18
7,4,Fog,1550988000,6
8,7,Fog,1551009600,12
8,7,Mostly cloudy,1551031200,18
3,2,Partly sunny,1551074400,6
5,3,Partly sunny,1551096000,12
2,-2,Clear,1551117600,18
1,-3,Sunny,1551160800,6
2,0,Sunny,1551182400,12
-1,-3,Clear,1551204000,18
-2,-4,Partly sunny,1551247200,6
-2,-3,Passing clouds,1551268800,12
-1,-3,Overcast,1551290400,18
1,-2,Sunny,1551333600,6
2,1,Sunny,1551355200,12
1,-1,Clear,1551376800,18
-1,-3,Light snow,1551420000,6
1,1,More clouds than sun,1551441600,12
1,1,Overcast,1551463200,18
2,-1,Light snow,1551506400,6
5,2,Overcast,1551528000,12
4,3,Overcast,1551549600,18
5,3,Sunny,1551592800,6
6,1,Overcast,1551614400,12
2,1,Light snow,1551636000,18
2,1,Fog,1551679200,6
3,2,Partly sunny,1551700800,12
1,-2,Mostly cloudy,1551722400,18
-2,-6,Sunny,1551765600,6
-1,-1,Sunny,1551787200,12
-1,-3,Clear,1551808800,18
-4,-7,Sunny,1551852000,6
-4,-4,Partly sunny,1551873600,12
-5,-7,Clear,1551895200,18
-2,-8,Sunny,1551938400,6
-1,-2,Mostly cloudy,1551960000,12
-1,-3,Clear,1551981600,18
2,-4,Sunny,1552024800,6
3,2,Sunny,1552046400,12
3,2,Overcast,1552068000,18
7,1,Sunny,1552111200,6
4,2,Light rain,1552197600,6
5,3,Fog,1552219200,12
6,5,Fog,1552240800,18
9,6,Sunny,1552284000,6
11,10,Sunny,1552305600,12
11,6,Passing clouds,1552327200,18
3,1,Overcast,1552370400,6
6,4,Partly sunny,1552392000,12
5,2,Clear,1552413600,18
6,1,Sunny,1552456800,6
8,5,Sunny,1552478400,12
7,5,Mostly cloudy,1552500000,18
11,6,Sunny,1552543200,6
14,11,Sunny,1552564800,12
10,9,Clear,1552586400,18
21,11,Mostly cloudy,1552629600,6
24,18,Overcast,1552651200,12
18,16,Light rain,1552672800,18
9,8,Sunny,1552716000,6
10,9,Partly sunny,1552737600,12
7,4,Overcast,1552759200,18
4,1,Overcast,1552802400,6
7,5,Sunny,1552824000,12
6,2,Clear,1552845600,18
5,1,Sunny,1552888800,6
7,6,Overcast,1552910400,12
7,4,Overcast,1552932000,18
7,2,Sunny,1552975200,6
9,8,Partly sunny,1552996800,12
8,6,Clear,1553018400,18
10,3,Sunny,1553061600,6
11,8,Sunny,1553083200,12
8,7,Clear,1553104800,18
7,6,Light rain,1553148000,6
8,6,Light rain,1553169600,12
6,5,Light rain,1553191200,18
7,4,Light rain,1553234400,6
9,7,Partly sunny,1553256000,12
8,4,Clear,1553277600,18
5,2,Sunny,1553320800,6
9,6,Sunny,1553342400,12
8,6,Clear,1553364000,18
11,3,Sunny,1553407200,6
16,13,Sunny,1553428800,12
15,13,Clear,1553450400,18
11,9,Mostly cloudy,1553493600,6
11,10,Overcast,1553515200,12
9,7,Mostly cloudy,1553536800,18
7,1,Sunny,1553580000,6
9,7,Sunny,1553601600,12
8,4,Clear,1553623200,18
5,1,Sunny,1553666400,6
7,6,Sunny,1553688000,12
4,3,Clear,1553709600,18
9,3,Sunny,1553752800,6
11,8,Sunny,1553774400,12
10,8,Overcast,1553796000,18
12,10,Overcast,1553839200,6
15,13,Mostly cloudy,1553860800,12
14,14,Overcast,1553882400,18
16,11,Partly sunny,1553925600,6
19,18,Sunny,1553947200,12
16,14,Clear,1553968800,18
18,12,Partly sunny,1554012000,6
16,9,Light rain,1554033600,12
9,4,Clear,1554055200,18
4,1,Sunny,1554098400,6
7,6,Sunny,1554120000,12
7,5,Clear,1554141600,18
8,4,Sunny,1554184800,6
10,8,Sunny,1554206400,12
8,6,Mostly cloudy,1554228000,18
16,5,Sunny,1554271200,6
19,17,Sunny,1554292800,12
18,11,Clear,1554314400,18
11,7,Sunny,1554357600,6
16,12,Sunny,1554379200,12
13,8,Clear,1554400800,18
6,4,Partly sunny,1554444000,6
5,4,Light rain,1554465600,12
4,3,Light rain,1554487200,18
13,4,Fog,1554530400,6
19,15,Sunny,1554552000,12
18,13,Clear,1554573600,18
17,11,Sunny,1554616800,6
18,15,Sunny,1554638400,12
16,14,Passing clouds,1554660000,18
19,12,Fog,1554703200,6
26,21,Scattered clouds,1554724800,12
25,10,Clear,1554746400,18
9,8,Fog,1554789600,6
11,8,Low clouds,1554811200,12
9,8,Fog,1554832800,18
13,9,Sunny,1554876000,6
15,13,Passing clouds,1554897600,12
12,8,Clear,1554919200,18
8,5,Overcast,1554962400,6
12,9,Overcast,1554984000,12
9,8,Overcast,1555005600,18
12,8,Overcast,1555048800,6
20,13,Sunny,1555070400,12
17,15,Light rain,1555092000,18
20,16,Partly sunny,1555135200,6
24,22,Sunny,1555156800,12
22,21,Clear,1555178400,18
22,17,Sunny,1555221600,6
22,17,Mostly cloudy,1555243200,12
18,16,Low clouds,1555264800,18
17,13,Sunny,1555308000,6
14,11,Broken clouds,1555329600,12
9,8,Passing clouds,1555351200,18
14,7,Sunny,1555394400,6
18,16,Sunny,1555416000,12
16,12,Overcast,1555437600,18
14,10,Overcast,1555480800,6
17,13,Sunny,1555502400,12
12,11,Clear,1555524000,18
14,12,Overcast,1555567200,6
16,13,Low clouds,1555588800,12
16,14,Clear,1555610400,18
22,16,Mostly cloudy,1555653600,6
26,21,Passing clouds,1555675200,12
21,17,Mostly cloudy,1555696800,18
16,15,Sunny,1555761600,12
14,13,Clear,1555783200,18
16,13,Mostly cloudy,1555826400,6
18,14,Overcast,1555848000,12
15,13,Clear,1555869600,18
16,12,Sunny,1555912800,6
18,14,Light rain,1555934400,12
14,14,Light rain,1555956000,18
22,13,Sunny,1555999200,6
24,20,Sunny,1556020800,12
20,17,Passing clouds,1556042400,18
18,17,Sunny,1556085600,6
20,18,Sunny,1556107200,12
19,15,Clear,1556128800,18
17,9,Sunny,1556172000,6
18,12,Sunny,1556193600,12
13,12,Mostly cloudy,1556215200,18
12,11,Fog,1556258400,6
12,11,Light rain,1556280000,12
15,12,Light rain,1556301600,18
13,10,Sunny,1556344800,6
14,13,Overcast,1556366400,12
13,8,Clear,1556388000,18
11,9,Overcast,1556431200,6
12,10,Mostly cloudy,1556452800,12
10,8,Clear,1556474400,18
13,6,Sunny,1556517600,6
16,11,Sunny,1556539200,12
11,10,Overcast,1556560800,18
12,10,Fog,1556604000,6
15,12,Overcast,1556625600,12
13,13,Mostly cloudy,1556647200,18
12,11,More clouds than sun,1556690400,6
13,11,Overcast,1556712000,12
11,10,Fog,1556733600,18
21,11,Fog,1556776800,6
25,16,Sunny,1556798400,12
15,12,Mostly cloudy,1556820000,18
12,10,Fog,1556863200,6
13,12,Overcast,1556884800,12
12,12,Fog,1556906400,18
16,12,Fog,1556949600,6
22,17,Mostly cloudy,1556971200,12
18,14,Fog,1556992800,18
12,12,Light rain,1557036000,6
12,11,Rain,1557057600,12
11,11,Rain,1557079200,18
19,11,Sunny,1557122400,6
22,16,Overcast,1557144000,12
16,13,Passing clouds,1557165600,18
19,12,Overcast,1557208800,6
21,19,Sunny,1557230400,12
19,14,Fog,1557252000,18
19,13,Overcast,1557295200,6
21,17,Sunny,1557316800,12
16,13,Clear,1557338400,18
14,12,Overcast,1557381600,6
16,13,Overcast,1557403200,12
13,13,Overcast,1557424800,18
18,14,Overcast,1557468000,6
23,18,Partly sunny,1557489600,12
22,21,Clear,1557511200,18
17,13,Sunny,1557554400,6
21,18,Sunny,1557576000,12
20,14,Overcast,1557597600,18
9,8,Light rain,1557640800,6
8,7,Rain,1557662400,12
8,7,Light rain,1557684000,18
8,7,Light rain,1557727200,6
9,8,Rain,1557748800,12
9,8,Overcast,1557770400,18
9,7,Overcast,1557813600,6
11,9,Light rain,1557835200,12
9,8,Light rain,1557856800,18
14,7,Sunny,1557900000,6
21,17,Passing clouds,1557921600,12
19,17,Mostly cloudy,1557943200,18
19,12,Partly sunny,1557986400,6
23,21,Passing clouds,1558008000,12
22,17,Clear,1558029600,18
24,17,Sunny,1558072800,6
24,20,Overcast,1558094400,12
24,19,Passing clouds,1558116000,18
21,14,Sunny,1558159200,6
24,21,Sunny,1558180800,12
19,16,Clear,1558202400,18
23,17,Passing clouds,1558245600,6
24,23,Sunny,1558267200,12
23,21,Clear,1558288800,18
27,20,Passing clouds,1558332000,6
29,28,Partly sunny,1558353600,12
28,22,Clear,1558375200,18
17,14,Sunny,1558418400,6
21,18,Sunny,1558440000,12
21,16,Clear,1558461600,18
21,13,Sunny,1558504800,6
23,22,Sunny,1558526400,12
22,19,Clear,1558548000,18
18,13,Partly sunny,1558591200,6
22,18,Scattered clouds,1558612800,12
20,18,Scattered clouds,1558634400,18
22,19,Sunny,1558677600,6
23,21,Scattered clouds,1558699200,12
21,16,Clear,1558720800,18
21,14,Sunny,1558764000,6
21,18,Sunny,1558785600,12
17,16,Overcast,1558807200,18
28,18,Sunny,1558850400,6
30,21,Sunny,1558872000,12
22,21,Clear,1558893600,18
25,18,Sunny,1558936800,6
27,25,Sunny,1558958400,12
24,21,Clear,1558980000,18
18,17,Light rain,1559023200,6
21,17,Partly sunny,1559044800,12
22,19,Passing clouds,1559066400,18
18,16,Overcast,1559109600,6
19,17,Overcast,1559131200,12
14,13,Fog,1559152800,18
19,14,Fog,1559196000,6
21,17,Mostly cloudy,1559217600,12
18,16,Fog,1559239200,18
24,18,Sunny,1559282400,6
26,24,Passing clouds,1559304000,12
24,22,Clear,1559325600,18
24,18,Sunny,1559368800,6
26,22,Sunny,1559390400,12
21,19,Passing clouds,1559412000,18
25,18,Sunny,1559455200,6
27,21,Sunny,1559476800,12
23,17,Scattered clouds,1559498400,18
19,14,Sunny,1559541600,6
21,19,Sunny,1559563200,12
19,16,Clear,1559584800,18
19,13,Sunny,1559628000,6
21,20,Sunny,1559649600,12
21,19,Clear,1559671200,18
23,18,Partly sunny,1559714400,6
27,25,Sunny,1559736000,12
26,23,Light rain,1559757600,18
27,21,Fog,1559800800,6
28,27,Scattered clouds,1559822400,12
26,23,Clear,1559844000,18
23,20,Sunny,1559887200,6
27,23,Sunny,1559908800,12
23,19,Clear,1559930400,18
24,20,Sunny,1559973600,6
27,24,Sunny,1559995200,12
23,18,Clear,1560016800,18
24,17,Sunny,1560060000,6
25,23,Sunny,1560081600,12
22,17,Clear,1560103200,18
17,16,Low clouds,1560146400,6
20,17,Light rain,1560168000,12
21,19,Fog,1560189600,18
21,17,Partly sunny,1560232800,6
24,22,Sunny,1560254400,12
24,19,Clear,1560276000,18
23,16,Sunny,1560319200,6
23,20,Sunny,1560340800,12
19,18,Clear,1560362400,18
17,13,Rain,1560405600,6
18,15,More clouds than sun,1560427200,12
18,16,Light rain,1560448800,18
18,14,Sunny,1560492000,6
23,19,Passing clouds,1560513600,12
23,19,Clear,1560535200,18
24,17,Sunny,1560578400,6
27,26,Sunny,1560600000,12
25,22,Passing clouds,1560621600,18
25,19,Sunny,1560664800,6
27,23,Mostly cloudy,1560686400,12
26,23,Passing clouds,1560708000,18
23,21,Broken clouds,1560751200,6
24,22,Overcast,1560772800,12
24,21,Mostly cloudy,1560794400,18
23,21,Fog,1560837600,6
22,22,Light rain,1560859200,12
21,19,Fog,1560880800,18
20,19,Fog,1560924000,6
22,20,Overcast,1560945600,12
20,19,Fog,1560967200,18
22,18,Fog,1561010400,6
25,23,Fog,1561032000,12
23,22,Sunny,1561053600,18
21,19,Light rain,1561096800,6
24,20,Scattered clouds,1561118400,12
24,20,Clear,1561140000,18
25,17,Sunny,1561183200,6
26,26,Passing clouds,1561204800,12
26,22,Clear,1561226400,18
26,18,Sunny,1561269600,6
28,27,Sunny,1561291200,12
27,24,Clear,1561312800,18
28,21,Sunny,1561356000,6
29,27,Sunny,1561377600,12
26,24,Clear,1561399200,18
23,22,Fog,1561442400,6
28,25,Overcast,1561464000,12
28,23,Passing clouds,1561485600,18
28,23,Sunny,1561528800,6
30,29,Sunny,1561550400,12
29,27,Clear,1561572000,18
31,23,Sunny,1561615200,6
31,30,Sunny,1561636800,12
30,26,Clear,1561658400,18
30,24,Sunny,1561701600,6
31,29,Passing clouds,1561723200,12
28,26,Sunny,1561744800,18
31,24,Sunny,1561788000,6
32,22,Sunny,1561809600,12
24,23,Clear,1561831200,18
27,23,Sunny,1561874400,6
28,21,Scattered clouds,1561896000,12
26,22,Clear,1561917600,18
27,19,Sunny,1561960800,6
28,27,Sunny,1561982400,12
27,24,Clear,1562004000,18
28,22,Sunny,1562047200,6
29,28,Overcast,1562068800,12
29,24,Passing clouds,1562090400,18
27,24,Sunny,1562133600,6
29,27,Partly sunny,1562155200,12
29,26,Clear,1562176800,18
31,24,Sunny,1562220000,6
32,28,Sunny,1562241600,12
27,24,Clear,1562263200,18
28,23,Passing clouds,1562306400,6
29,27,Partly sunny,1562328000,12
26,26,Overcast,1562349600,18
31,26,Passing clouds,1562392800,6
31,28,Sunny,1562414400,12
28,25,Passing clouds,1562436000,18
28,25,Overcast,1562479200,6
29,26,Passing clouds,1562500800,12
25,23,Sunny,1562522400,18
22,20,Light rain,1562565600,6
25,22,Scattered clouds,1562587200,12
25,23,Clear,1562608800,18
28,22,Sunny,1562652000,6
31,29,Sunny,1562673600,12
29,26,Clear,1562695200,18
28,24,Sunny,1562738400,6
31,29,Passing clouds,1562760000,12
29,27,Sunny,1562781600,18
29,24,Sunny,1562824800,6
30,23,Light rain,1562846400,12
24,23,Light rain,1562868000,18
28,22,Sunny,1562911200,6
30,28,Passing clouds,1562932800,12
28,24,Clear,1562954400,18
27,22,Sunny,1562997600,6
29,28,Sunny,1563019200,12
28,27,Clear,1563040800,18
31,25,Sunny,1563084000,6
31,29,Sunny,1563105600,12
29,26,Clear,1563127200,18
28,21,Sunny,1563170400,6
29,28,Sunny,1563192000,12
28,26,Clear,1563213600,18
31,23,Sunny,1563256800,6
32,31,Sunny,1563278400,12
31,28,Clear,1563300000,18
33,27,Sunny,1563343200,6
33,32,Scattered clouds,1563364800,12
33,23,Heavy rain,1563386400,18
24,23,Light rain,1563429600,6
26,23,Low clouds,1563451200,12
23,22,Low clouds,1563472800,18
29,23,Overcast,1563516000,6
32,30,Passing clouds,1563537600,12
32,30,Clear,1563559200,18
33,28,Sunny,1563602400,6
34,34,Sunny,1563624000,12
33,31,Clear,1563645600,18
33,29,Sunny,1563688800,6
34,33,Scattered clouds,1563710400,12
33,28,Clear,1563732000,18
28,26,Passing clouds,1563775200,6
31,23,Scattered clouds,1563796800,12
23,23,Heavy rain,1563818400,18
21,19,Overcast,1563861600,6
23,22,Overcast,1563883200,12
22,21,Mostly cloudy,1563904800,18
26,21,Passing clouds,1563948000,6
28,26,Sunny,1563969600,12
27,23,Sunny,1563991200,18
27,22,Sunny,1564034400,6
28,26,Passing clouds,1564056000,12
27,23,Clear,1564077600,18
29,21,Sunny,1564120800,6
30,28,Scattered clouds,1564142400,12
27,25,Sunny,1564164000,18
28,23,Sunny,1564207200,6
28,26,Sunny,1564228800,12
26,24,Clear,1564250400,18
29,23,Sunny,1564293600,6
31,30,Sunny,1564315200,12
30,23,Sunny,1564336800,18
31,24,Sunny,1564380000,6
31,29,Passing clouds,1564401600,12
31,29,Clear,1564423200,18
32,26,Sunny,1564466400,6
33,27,Sunny,1564488000,12
29,27,Clear,1564509600,18
29,25,Sunny,1564552800,6
29,22,Light rain,1564574400,12
22,22,Fog,1564596000,18
28,22,Sunny,1564639200,6
30,28,Sunny,1564660800,12
28,25,Passing clouds,1564682400,18
27,23,Sunny,1564725600,6
28,27,Broken clouds,1564747200,12
26,24,Clear,1564768800,18
28,23,Passing clouds,1564812000,6
29,27,Broken clouds,1564833600,12
27,21,Sunny,1564855200,18
28,21,Sunny,1564898400,6
30,27,Sunny,1564920000,12
27,24,Passing clouds,1564941600,18
26,22,Sunny,1564984800,6
27,26,Sunny,1565006400,12
25,23,Clear,1565028000,18
25,23,Passing clouds,1565071200,6
26,23,Sunny,1565092800,12
24,24,Clear,1565114400,18
28,24,Scattered clouds,1565157600,6
29,22,Partly sunny,1565179200,12
21,21,Fog,1565200800,18
27,20,Fog,1565244000,6
28,27,Scattered clouds,1565265600,12
28,20,Passing clouds,1565287200,18
27,21,Sunny,1565330400,6
27,21,Light rain,1565352000,12
26,22,Clear,1565373600,18
26,19,Sunny,1565416800,6
26,26,Passing clouds,1565438400,12
26,21,Clear,1565460000,18
23,18,Sunny,1565503200,6
26,24,Scattered clouds,1565524800,12
26,23,Clear,1565546400,18
27,21,Sunny,1565589600,6
29,28,Passing clouds,1565611200,12
28,24,Clear,1565632800,18
25,22,Scattered clouds,1565676000,6
26,24,Partly sunny,1565697600,12
25,24,Scattered clouds,1565719200,18
26,23,Broken clouds,1565762400,6
28,25,Mostly cloudy,1565784000,12
26,23,Clear,1565805600,18
27,22,Sunny,1565848800,6
28,24,Sunny,1565870400,12
23,22,Passing clouds,1565892000,18
25,21,Overcast,1565935200,6
26,24,Overcast,1565956800,12
25,23,Passing clouds,1565978400,18
27,23,Partly sunny,1566021600,6
29,26,Sunny,1566043200,12
27,24,Clear,1566064800,18
29,24,Scattered clouds,1566108000,6
32,23,Sunny,1566129600,12
24,22,Clear,1566151200,18
30,23,Sunny,1566194400,6
32,28,Sunny,1566216000,12
27,26,Clear,1566237600,18
29,24,Sunny,1566280800,6
30,28,Sunny,1566302400,12
27,26,Clear,1566324000,18
28,25,Sunny,1566367200,6
31,26,Partly sunny,1566388800,12
26,24,Clear,1566410400,18
30,24,Sunny,1566453600,6
31,30,Sunny,1566475200,12
28,22,Rain,1566496800,18
21,18,Light rain,1566540000,6
23,21,Sunny,1566561600,12
23,20,Clear,1566583200,18
23,18,Sunny,1566626400,6
24,23,Passing clouds,1566648000,12
23,19,Passing clouds,1566669600,18
23,17,Scattered clouds,1566712800,6
24,22,Sunny,1566734400,12
22,19,Passing clouds,1566756000,18
21,16,Scattered clouds,1566799200,6
23,22,Sunny,1566820800,12
22,19,Clear,1566842400,18
21,17,Sunny,1566885600,6
23,21,Sunny,1566907200,12
21,19,Clear,1566928800,18
23,21,Mostly cloudy,1566972000,6
23,22,Overcast,1566993600,12
22,22,Mostly cloudy,1567015200,18
26,19,Sunny,1567058400,6
27,26,Sunny,1567080000,12
25,21,Clear,1567101600,18
27,20,Sunny,1567144800,6
29,29,Sunny,1567166400,12
27,26,Clear,1567188000,18
25,21,Sunny,1567231200,6
27,26,Sunny,1567252800,12
24,22,Clear,1567274400,18
24,18,Sunny,1567317600,6
24,23,Partly sunny,1567339200,12
22,21,Clear,1567360800,18
23,21,Partly sunny,1567404000,6
23,21,Light rain,1567425600,12
23,22,Clear,1567447200,18
26,19,Sunny,1567490400,6
27,25,Sunny,1567512000,12
24,21,Clear,1567533600,18
26,21,Passing clouds,1567576800,6
29,26,Partly sunny,1567598400,12
29,24,Clear,1567620000,18
21,18,Sunny,1567663200,6
23,22,Sunny,1567684800,12
22,19,Clear,1567706400,18
19,18,Mostly cloudy,1567749600,6
19,16,Light rain,1567771200,12
17,14,Overcast,1567792800,18
21,13,Sunny,1567836000,6
23,22,Partly sunny,1567857600,12
23,20,Clear,1567879200,18
22,17,Sunny,1567922400,6
25,23,Sunny,1567944000,12
23,22,Overcast,1567965600,18
23,18,Partly sunny,1568008800,6
25,23,Passing clouds,1568030400,12
22,20,Passing clouds,1568052000,18
22,20,More clouds than sun,1568095200,6
24,22,Partly sunny,1568116800,12
22,22,Clear,1568138400,18
27,21,Sunny,1568181600,6
31,28,Sunny,1568203200,12
29,27,Clear,1568224800,18
26,24,More clouds than sun,1568268000,6
24,22,Overcast,1568289600,12
21,17,Light rain,1568311200,18
19,14,Partly sunny,1568354400,6
21,19,Scattered clouds,1568376000,12
18,17,Passing clouds,1568397600,18
22,19,Mostly cloudy,1568440800,6
23,22,Mostly cloudy,1568462400,12
23,23,Mostly cloudy,1568484000,18
25,21,Sunny,1568527200,6
27,26,Sunny,1568548800,12
25,22,Clear,1568570400,18
23,21,Overcast,1568613600,6
24,23,Overcast,1568635200,12
23,21,Passing clouds,1568656800,18
23,17,Sunny,1568700000,6
24,23,Sunny,1568721600,12
22,18,Clear,1568743200,18
19,16,Partly sunny,1568786400,6
20,19,Partly sunny,1568808000,12
18,16,Clear,1568829600,18
18,11,Sunny,1568872800,6
21,19,Sunny,1568894400,12
18,16,Clear,1568916000,18
22,14,Sunny,1568959200,6
26,23,Sunny,1568980800,12
23,21,Clear,1569002400,18
26,17,Sunny,1569045600,6
28,27,Sunny,1569067200,12
24,21,Clear,1569088800,18
28,19,Sunny,1569132000,6
30,27,Sunny,1569153600,12
26,24,Clear,1569175200,18
28,22,Sunny,1569218400,6
31,29,Sunny,1569240000,12
29,22,Overcast,1569261600,18
22,19,Sunny,1569304800,6
24,23,Partly sunny,1569326400,12
22,18,Clear,1569348000,18
23,14,Sunny,1569391200,6
25,24,Sunny,1569412800,12
23,21,Clear,1569434400,18
25,19,Sunny,1569477600,6
28,19,Scattered clouds,1569499200,12
19,17,Clear,1569520800,18
22,15,Sunny,1569564000,6
24,21,Sunny,1569585600,12
19,19,Clear,1569607200,18
26,18,Sunny,1569650400,6
28,26,Sunny,1569672000,12
25,24,Clear,1569693600,18
24,22,Scattered clouds,1569736800,6
26,24,Sunny,1569758400,12
22,19,Clear,1569780000,18
19,16,Sunny,1569823200,6
22,18,Overcast,1569844800,12
18,18,Mostly cloudy,1569866400,18
22,18,Overcast,1569909600,6
27,23,Sunny,1569931200,12
26,24,Clear,1569952800,18
30,22,Sunny,1569996000,6
33,29,Partly sunny,1570017600,12
24,21,Mostly cloudy,1570039200,18
13,12,Light rain,1570082400,6
13,12,Light rain,1570104000,12
15,13,Light rain,1570125600,18
18,14,Scattered clouds,1570168800,6
18,14,Scattered clouds,1570190400,12
14,11,Clear,1570212000,18
13,7,Sunny,1570255200,6
15,13,Sunny,1570276800,12
13,11,Overcast,1570298400,18
19,17,Overcast,1570341600,6
21,20,Overcast,1570363200,12
21,19,Overcast,1570384800,18
24,21,Overcast,1570428000,6
26,23,Broken clouds,1570449600,12
23,16,Light rain,1570471200,18
16,14,Partly sunny,1570514400,6
17,17,Overcast,1570536000,12
17,16,Clear,1570557600,18
14,11,Rain,1570600800,6
13,11,Rain,1570622400,12
12,12,Mostly cloudy,1570644000,18
17,13,Scattered clouds,1570687200,6
21,17,Sunny,1570708800,12
19,15,Overcast,1570730400,18
16,13,Overcast,1570773600,6
18,16,Overcast,1570795200,12
16,14,Overcast,1570816800,18
15,13,Overcast,1570860000,6
19,16,Sunny,1570881600,12
19,16,Clear,1570903200,18
16,12,Sunny,1570946400,6
19,17,Sunny,1570968000,12
16,15,Overcast,1570989600,18
19,15,Overcast,1571032800,6
22,20,Sunny,1571054400,12
21,16,Clear,1571076000,18
16,11,Sunny,1571119200,6
17,16,Sunny,1571140800,12
15,13,Clear,1571162400,18
18,14,Mostly cloudy,1571205600,6
18,17,Light rain,1571227200,12
17,12,Heavy rain,1571248800,18
12,11,Partly sunny,1571292000,6
14,13,Overcast,1571313600,12
14,12,Overcast,1571335200,18
13,10,Partly sunny,1571378400,6
14,11,Scattered clouds,1571400000,12
11,8,Clear,1571421600,18
12,7,Sunny,1571464800,6
16,14,Sunny,1571486400,12
14,12,Clear,1571508000,18
14,10,Mostly cloudy,1571551200,6
14,12,Rain,1571572800,12
12,11,Overcast,1571594400,18
17,11,Sunny,1571637600,6
19,17,Sunny,1571659200,12
16,13,Clear,1571680800,18
14,13,Mostly cloudy,1571724000,6
16,14,Fog,1571745600,12
17,15,Light rain,1571767200,18
17,13,Sunny,1571810400,6
18,17,Sunny,1571832000,12
16,13,Clear,1571853600,18
18,11,Sunny,1571896800,6
19,16,Sunny,1571918400,12
15,14,Clear,1571940000,18
17,12,Sunny,1571983200,6
18,16,Sunny,1572004800,12
16,16,Clear,1572026400,18
16,12,Sunny,1572069600,6
17,16,Sunny,1572091200,12
14,13,Light rain,1572112800,18
16,14,Light rain,1572156000,6
19,17,More clouds than sun,1572177600,12
17,14,Clear,1572199200,18
16,13,Mostly cloudy,1572242400,6
17,16,Overcast,1572264000,12
15,13,Mostly cloudy,1572285600,18
14,12,Fog,1572328800,6
15,14,Light rain,1572350400,12
15,15,Fog,1572372000,18
17,14,Fog,1572415200,6
17,16,Low clouds,1572436800,12
20,16,Light rain,1572501600,6
21,20,Partly sunny,1572523200,12
21,20,Overcast,1572544800,18
11,7,Sunny,1572588000,6
13,12,Sunny,1572609600,12
11,7,Clear,1572631200,18
9,4,Sunny,1572674400,6
12,10,Partly sunny,1572696000,12
11,9,Overcast,1572717600,18
10,6,Sunny,1572760800,6
11,11,Partly sunny,1572782400,12
10,7,Clear,1572804000,18
12,6,Sunny,1572847200,6
13,12,Sunny,1572868800,12
12,11,Clear,1572890400,18
16,13,Broken clouds,1572933600,6
16,14,Partly sunny,1572955200,12
14,12,Clear,1572976800,18
12,8,Sunny,1573020000,6
12,11,Sunny,1573041600,12
11,9,Clear,1573063200,18
13,11,Overcast,1573106400,6
14,10,Overcast,1573128000,12
9,5,Light rain,1573149600,18
4,1,Sunny,1573192800,6
4,2,Sunny,1573214400,12
1,-1,Clear,1573236000,18
4,-2,Sunny,1573279200,6
4,3,Sunny,1573300800,12
4,3,Clear,1573322400,18
8,5,Partly sunny,1573365600,6
11,9,Overcast,1573387200,12
11,9,Passing clouds,1573408800,18
16,9,Sunny,1573452000,6
16,13,Sunny,1573473600,12
13,13,Clear,1573495200,18
14,3,Light rain,1573538400,6
2,0,Overcast,1573560000,12
0,-4,Clear,1573581600,18
-1,-5,Sunny,1573624800,6
1,-1,Sunny,1573646400,12
-1,-2,Clear,1573668000,18
4,-2,Sunny,1573711200,6
7,6,Sunny,1573732800,12
7,4,Clear,1573754400,18
8,3,Sunny,1573797600,6
10,9,Sunny,1573819200,12
9,6,Clear,1573840800,18
4,1,Sunny,1573884000,6
4,3,Sunny,1573905600,12
2,-1,Clear,1573927200,18
6,0,Overcast,1573970400,6
6,5,Mostly cloudy,1573992000,12
4,4,Overcast,1574013600,18
5,3,Fog,1574056800,6
5,4,Overcast,1574078400,12
5,4,Light rain,1574100000,18
8,6,Partly sunny,1574143200,6
9,7,Overcast,1574164800,12
7,6,Mostly cloudy,1574186400,18
7,4,Mostly cloudy,1574229600,6
9,7,Mostly cloudy,1574251200,12
7,6,Passing clouds,1574272800,18
9,4,Sunny,1574316000,6
11,11,Sunny,1574337600,12
11,10,Passing clouds,1574359200,18
12,9,Overcast,1574402400,6
10,8,Light rain,1574424000,12
7,3,Clear,1574445600,18
6,2,Sunny,1574488800,6
7,7,Sunny,1574510400,12
7,5,Light rain,1574532000,18
8,5,Light rain,1574575200,6
6,5,Light rain,1574596800,12
6,5,Clear,1574618400,18
10,5,Sunny,1574661600,6
11,10,Sunny,1574683200,12
11,9,Clear,1574704800,18
14,7,Sunny,1574748000,6
16,13,Sunny,1574769600,12
14,13,Clear,1574791200,18
14,10,Mostly cloudy,1574834400,6
15,12,Overcast,1574856000,12
14,12,Overcast,1574877600,18
11,8,Partly sunny,1574920800,6
9,6,Overcast,1574942400,12
5,3,Clear,1574964000,18
3,-1,Sunny,1575007200,6
4,4,Sunny,1575028800,12
3,2,Clear,1575050400,18
4,-1,Sunny,1575093600,6
6,5,Sunny,1575115200,12
4,1,Clear,1575136800,18
1,-1,Light freezing rain,1575180000,6
3,0,Freezing rain,1575201600,12
4,2,Light rain,1575223200,18
2,1,Light rain,1575266400,6
1,1,Light snow,1575288000,12
1,-1,Light snow,1575309600,18
1,-1,Partly sunny,1575352800,6
2,1,Sunny,1575374400,12
1,0,Clear,1575396000,18
3,2,More clouds than sun,1575439200,6
4,3,Overcast,1575460800,12
4,3,Overcast,1575482400,18
5,3,Scattered clouds,1575525600,6
5,4,Scattered clouds,1575547200,12
3,3,Passing clouds,1575568800,18
7,2,Sunny,1575612000,6
9,7,Overcast,1575633600,12
9,3,Clear,1575655200,18
2,1,Sunny,1575698400,6
3,2,Sunny,1575720000,12
1,-1,Clear,1575741600,18
4,-2,Sunny,1575784800,6
5,4,Sunny,1575806400,12
8,5,Clear,1575828000,18
12,6,Rain,1575871200,6
12,11,Rain,1575892800,12
13,12,Rain,1575914400,18
14,14,Mostly cloudy,1575957600,6
13,13,Light rain,1575979200,12
12,4,Light rain,1576000800,18
1,0,Light snow,1576044000,6
3,2,More clouds than sun,1576065600,12
2,-1,Clear,1576087200,18
0,-3,Sunny,1576130400,6
2,1,Sunny,1576152000,12
2,1,Clear,1576173600,18
7,3,Overcast,1576216800,6
7,7,Fog,1576238400,12
9,8,Rain,1576260000,18
11,9,Fog,1576303200,6
13,11,Fog,1576324800,12
11,7,Overcast,1576346400,18
8,7,Overcast,1576389600,6
8,6,Partly sunny,1576411200,12
5,3,Passing clouds,1576432800,18
2,1,Overcast,1576476000,6
3,2,Overcast,1576497600,12
3,1,Light rain,1576519200,18
1,0,Light freezing rain,1576562400,6
1,1,Light rain,1576584000,12
1,1,Mostly cloudy,1576605600,18
2,0,Sunny,1576648800,6
2,-2,Partly sunny,1576670400,12
-1,-6,Mostly cloudy,1576692000,18
-6,-9,Sunny,1576735200,6
-4,-5,Sunny,1576756800,12
-5,-5,Overcast,1576778400,18
-2,-6,Sunny,1576821600,6
0,-1,Sunny,1576843200,12
-1,-4,Clear,1576864800,18
-1,-4,Sunny,1576908000,6
1,1,Passing clouds,1576929600,12
1,1,Clear,1576951200,18
4,-1,Sunny,1576994400,6
8,7,Sunny,1577016000,12
7,6,Clear,1577037600,18
11,5,Sunny,1577080800,6
14,12,Sunny,1577102400,12
11,8,Clear,1577124000,18
8,6,Sunny,1577167200,6
8,6,Sunny,1577188800,12
4,3,Clear,1577210400,18
6,1,Sunny,1577253600,6
8,6,Sunny,1577275200,12
6,4,Clear,1577296800,18
5,2,Fog,1577340000,6
6,4,Partly sunny,1577361600,12
8,6,Overcast,1577383200,18
11,9,Overcast,1577426400,6
12,11,Overcast,1577448000,12
11,9,Clear,1577469600,18
9,7,Sunny,1577512800,6
10,8,Sunny,1577534400,12
8,6,Clear,1577556000,18
6,5,Mostly cloudy,1577599200,6
7,4,Overcast,1577620800,12
5,4,Light rain,1577642400,18
4,4,Light rain,1577685600,6
4,4,Light rain,1577707200,12
3,3,Overcast,1577728800,18
4,2,Overcast,1577772000,6
7,5,Partly sunny,1577793600,12
7,5,Overcast,1577815200,18
4,3,Overcast,1577858400,6
3,3,Overcast,1577880000,12
3,1,Clear,1577901600,18
7,1,Sunny,1577944800,6
9,8,Sunny,1577966400,12
9,8,Passing clouds,1577988000,18
8,7,Light rain,1578031200,6
9,8,Fog,1578052800,12
9,9,Overcast,1578074400,18
10,8,Fog,1578117600,6
11,9,Fog,1578139200,12
10,5,Light rain,1578160800,18
4,3,Overcast,1578204000,6
6,3,Overcast,1578225600,12
3,2,Clear,1578247200,18
4,1,Overcast,1578290400,6
7,6,Overcast,1578312000,12
7,5,Clear,1578333600,18
6,3,Sunny,1578376800,6
7,4,Sunny,1578398400,12
5,3,Mostly cloudy,1578420000,18
4,0,Scattered clouds,1578463200,6
5,1,Partly sunny,1578484800,12
1,-2,Passing clouds,1578506400,18
-2,-5,Sunny,1578549600,6
0,-1,Sunny,1578571200,12
1,1,Clear,1578592800,18
7,4,Overcast,1578636000,6
12,8,Passing clouds,1578657600,12
12,11,Passing clouds,1578679200,18
18,15,Sunny,1578722400,6
20,17,Overcast,1578744000,12
18,17,Mostly cloudy,1578765600,18
19,18,Overcast,1578808800,6
19,14,Sunny,1578830400,12
14,7,Clear,1578852000,18
7,3,Overcast,1578895200,6
7,7,Overcast,1578916800,12
7,6,Overcast,1578938400,18
7,4,Sunny,1578981600,6
8,5,Mostly cloudy,1579003200,12
6,5,Fog,1579024800,18
9,7,Sunny,1579068000,6
10,9,Sunny,1579089600,12
9,8,Clear,1579111200,18
9,8,Light rain,1579154400,6
8,4,Light rain,1579176000,12
3,1,Light snow,1579197600,18
-3,-6,Sunny,1579240800,6
-2,-3,Sunny,1579262400,12
-3,-6,Clear,1579284000,18
-2,-7,Overcast,1579327200,6
-1,-4,Light snow,1579348800,12
3,-1,Light rain,1579370400,18
6,4,Sunny,1579413600,6
6,3,Scattered clouds,1579435200,12
2,-2,Clear,1579456800,18
-3,-7,Sunny,1579500000,6
-1,-2,Sunny,1579521600,12
-2,-6,Clear,1579543200,18
-2,-6,Sunny,1579586400,6
0,-1,Sunny,1579608000,12
-1,-3,Clear,1579629600,18
1,-3,Sunny,1579672800,6
3,2,Sunny,1579694400,12
3,2,Clear,1579716000,18
6,1,Sunny,1579759200,6
8,6,Sunny,1579780800,12
7,5,Clear,1579802400,18
9,3,Sunny,1579845600,6
10,7,Sunny,1579867200,12
7,4,Clear,1579888800,18
6,3,Fog,1579932000,6
11,6,Rain,1579953600,12
10,6,Passing clouds,1579975200,18
7,4,Partly sunny,1580018400,6
8,7,Overcast,1580040000,12
6,4,Clear,1580061600,18
6,3,Scattered clouds,1580104800,6
7,6,Overcast,1580126400,12
6,4,Overcast,1580148000,18
6,3,Overcast,1580191200,6
6,4,Overcast,1580212800,12
4,3,Overcast,1580234400,18
3,0,Overcast,1580277600,6
4,3,Sunny,1580299200,12
3,-1,Clear,1580320800,18
1,-4,Sunny,1580364000,6
3,1,Sunny,1580385600,12
2,1,Clear,1580407200,18
6,2,Mostly cloudy,1580450400,6
7,5,More clouds than sun,1580472000,12
6,4,Overcast,1580493600,18
6,4,Overcast,1580536800,6
6,6,Overcast,1580558400,12
6,4,Light rain,1580580000,18
10,2,Partly sunny,1580623200,6
7,2,Overcast,1580644800,12
3,2,Light rain,1580666400,18
11,6,Overcast,1580709600,6
13,12,Sunny,1580731200,12
13,9,Clear,1580752800,18
9,6,Mostly cloudy,1580796000,6
15,12,Sunny,1580817600,12
16,13,Mostly cloudy,1580839200,18
6,4,Overcast,1580882400,6
6,6,Overcast,1580904000,12
4,4,Mostly cloudy,1580925600,18
5,4,Fog,1580968800,6
4,4,Fog,1580990400,12
4,3,Fog,1581012000,18
13,4,Light rain,1581055200,6
13,2,Broken clouds,1581076800,12
2,1,Overcast,1581098400,18
3,-1,Sunny,1581141600,6
4,3,Overcast,1581163200,12
4,1,Clear,1581184800,18
3,-1,Mostly cloudy,1581228000,6
6,4,Partly sunny,1581249600,12
6,4,Passing clouds,1581271200,18
8,6,Partly sunny,1581314400,6
8,7,Light rain,1581336000,12
7,7,Light rain,1581357600,18
7,7,Light rain,1581400800,6
8,7,Light rain,1581422400,12
9,7,Overcast,1581444000,18
6,4,Sunny,1581487200,6
8,6,Sunny,1581508800,12
7,3,Mostly cloudy,1581530400,18
6,3,Fog,1581573600,6
6,5,Light rain,1581595200,12
6,4,Passing clouds,1581616800,18
1,-2,Sunny,1581660000,6
-1,-3,Sunny,1581681600,12
-4,-8,Clear,1581703200,18
-3,-9,Sunny,1581746400,6
-2,-3,Sunny,1581768000,12
-1,-2,Clear,1581789600,18
3,0,Sunny,1581832800,6
6,4,Passing clouds,1581854400,12
7,6,Overcast,1581876000,18
8,3,Sunny,1581919200,6
10,8,Sunny,1581940800,12
8,4,Clear,1581962400,18
8,4,Overcast,1582005600,6
8,6,Overcast,1582027200,12
7,6,Fog,1582048800,18
8,5,Sunny,1582092000,6
9,6,Sunny,1582113600,12
4,1,Clear,1582135200,18
1,-2,Sunny,1582178400,6
2,1,Passing clouds,1582200000,12
1,-3,Clear,1582221600,18
-1,-7,Sunny,1582264800,6
2,0,Sunny,1582286400,12
1,0,Clear,1582308000,18
6,-1,Sunny,1582351200,6
10,7,Sunny,1582372800,12
9,6,Clear,1582394400,18
11,4,Sunny,1582437600,6
13,11,Sunny,1582459200,12
11,8,Clear,1582480800,18
14,5,Sunny,1582524000,6
16,10,Sunny,1582545600,12
11,9,Overcast,1582567200,18
11,9,Overcast,1582610400,6
10,8,Light rain,1582632000,12
8,8,Fog,1582653600,18
8,8,Fog,1582696800,6
8,7,Fog,1582718400,12
8,6,Low clouds,1582740000,18
6,4,Partly sunny,1582783200,6
5,2,Partly sunny,1582804800,12
1,-1,Passing clouds,1582826400,18
3,-2,Sunny,1582869600,6
5,3,Broken clouds,1582891200,12
4,1,Passing clouds,1582912800,18
1,-2,Sunny,1582956000,6
1,-2,Partly sunny,1582977600,12
-2,-3,Clear,1582999200,18
3,-3,Sunny,1583042400,6
6,4,Sunny,1583064000,12
6,4,Clear,1583085600,18
12,5,Sunny,1583128800,6
14,12,Sunny,1583150400,12
14,13,Clear,1583172000,18
15,10,Sunny,1583215200,6
14,9,Light rain,1583236800,12
12,11,Passing clouds,1583258400,18
11,8,Sunny,1583301600,6
13,12,Sunny,1583323200,12
11,8,Passing clouds,1583344800,18
8,4,Sunny,1583388000,6
11,9,Sunny,1583409600,12
7,6,Clear,1583431200,18
7,4,Fog,1583474400,6
6,3,Light rain,1583496000,12
4,3,Light rain,1583517600,18
6,2,Sunny,1583560800,6
9,7,Sunny,1583582400,12
7,3,Clear,1583604000,18
9,2,Sunny,1583647200,6
15,9,Sunny,1583668800,12
13,11,Clear,1583690400,18
16,8,Sunny,1583733600,6
22,19,Sunny,1583755200,12
20,16,Clear,1583776800,18
17,12,Sunny,1583820000,6
18,18,Overcast,1583841600,12
18,17,Overcast,1583863200,18
11,6,Sunny,1583906400,6
13,12,Sunny,1583928000,12
12,9,Clear,1583949600,18
8,7,Overcast,1583992800,6
9,9,Overcast,1584014400,12
8,7,Low clouds,1584036000,18
14,10,Light rain,1584079200,6
21,14,Partly sunny,1584100800,12
18,10,Clear,1584122400,18
9,6,Sunny,1584165600,6
13,11,Sunny,1584187200,12
11,8,Overcast,1584208800,18
9,6,Overcast,1584252000,6
12,11,Sunny,1584273600,12
10,6,Clear,1584295200,18
4,1,Sunny,1584338400,6
7,6,Sunny,1584360000,12
5,5,Mostly cloudy,1584381600,18
8,6,Light rain,1584424800,6
12,9,Partly sunny,1584446400,12
12,9,Overcast,1584468000,18
10,6,Sunny,1584511200,6
12,9,Sunny,1584532800,12
9,8,Clear,1584554400,18
8,6,Light rain,1584597600,6
11,9,Overcast,1584619200,12
11,9,Overcast,1584640800,18
12,8,Fog,1584684000,6
25,15,Partly sunny,1584705600,12
24,21,Passing clouds,1584727200,18
8,6,Sunny,1584770400,6
11,9,Sunny,1584792000,12
9,6,Overcast,1584813600,18
4,1,Partly sunny,1584856800,6
7,3,Sunny,1584878400,12
4,3,Clear,1584900000,18
3,2,Light rain,1584943200,6
4,3,Light rain,1584964800,12
5,3,Mostly cloudy,1584986400,18
9,3,Sunny,1585029600,6
12,10,Sunny,1585051200,12
11,6,Clear,1585072800,18
6,5,Overcast,1585116000,6
7,6,Light rain,1585137600,12
6,5,Overcast,1585159200,18
9,3,Sunny,1585202400,6
14,11,Sunny,1585224000,12
12,9,Clear,1585245600,18
17,10,Overcast,1585288800,6
20,18,Sunny,1585310400,12
18,13,Clear,1585332000,18
10,8,Light rain,1585375200,6
8,7,Overcast,1585396800,12
8,7,Fog,1585418400,18
8,7,Fog,1585461600,6
8,7,Fog,1585483200,12
8,7,Fog,1585504800,18
8,6,Overcast,1585548000,6
11,9,Overcast,1585569600,12
9,7,Overcast,1585591200,18
7,5,Overcast,1585634400,6
9,7,Overcast,1585656000,12
7,6,Overcast,1585677600,18
8,3,Sunny,1585720800,6
13,11,Sunny,1585742400,12
12,8,Clear,1585764000,18
10,3,Sunny,1585807200,6
14,12,Passing clouds,1585828800,12
13,10,Overcast,1585850400,18
9,7,Light rain,1585893600,6
11,10,Light rain,1585915200,12
11,10,Mostly cloudy,1585936800,18
11,8,Light rain,1585980000,6
16,13,Partly sunny,1586001600,12
12,9,Overcast,1586023200,18
13,9,Overcast,1586066400,6
18,13,Overcast,1586088000,12
14,11,Passing clouds,1586109600,18
15,9,Sunny,1586152800,6
19,16,Sunny,1586174400,12
18,14,Clear,1586196000,18
16,11,Sunny,1586239200,6
19,16,Sunny,1586260800,12
15,13,Mostly cloudy,1586282400,18
15,11,Fog,1586325600,6
18,15,Overcast,1586347200,12
17,10,Clear,1586368800,18
12,11,Overcast,1586412000,6
14,11,Light rain,1586433600,12
10,8,Clear,1586455200,18
7,4,Overcast,1586498400,6
9,8,Mostly cloudy,1586520000,12
7,6,Overcast,1586541600,18
9,3,Sunny,1586584800,6
13,9,Passing clouds,1586606400,12
12,9,Clear,1586628000,18
15,8,Sunny,1586671200,6
17,12,Overcast,1586692800,12
17,14,Clear,1586714400,18
14,12,Rain,1586757600,6
17,13,Light rain,1586779200,12
19,15,Clear,1586800800,18
11,8,Sunny,1586844000,6
14,12,Sunny,1586865600,12
13,10,Mostly cloudy,1586887200,18
9,6,Passing clouds,1586930400,6
11,10,Passing clouds,1586952000,12
11,8,Clear,1586973600,18
8,5,Partly sunny,1587016800,6
8,7,Partly sunny,1587038400,12
8,3,Clear,1587060000,18
8,3,Sunny,1587103200,6
10,7,Mostly cloudy,1587124800,12
7,6,Light rain,1587146400,18
7,5,Light rain,1587189600,6
8,6,Overcast,1587211200,12
7,6,Clear,1587232800,18
14,6,Sunny,1587276000,6
17,14,Sunny,1587297600,12
14,13,Passing clouds,1587319200,18
11,9,Passing clouds,1587362400,6
13,10,Sunny,1587384000,12
12,10,Clear,1587405600,18
15,8,Scattered clouds,1587448800,6
15,8,Light rain,1587470400,12
11,4,Clear,1587492000,18
7,2,Scattered clouds,1587535200,6
11,7,Passing clouds,1587556800,12
10,6,Clear,1587578400,18
7,5,Mostly cloudy,1587621600,6
11,8,Passing clouds,1587643200,12
9,6,Light rain,1587664800,18
8,6,Light rain,1587708000,6
9,8,Overcast,1587729600,12
9,8,Clear,1587751200,18
17,7,Passing clouds,1587794400,6
18,15,Sunny,1587816000,12
13,10,Clear,1587837600,18
9,8,Overcast,1587880800,6
9,8,Light rain,1587902400,12
8,6,Overcast,1587924000,18
8,4,More clouds than sun,1587967200,6
9,8,Mostly cloudy,1587988800,12
8,7,,1588010400,18
14,5,,1588053600,6
19,15,,1588075200,12
16,10,,1588096800,18
11,8,,1588140000,6
14,12,,1588161600,12
11,10,,1588183200,18
13,10,,1588226400,6
16,13,More clouds than sun,1588248000,12
15,13,Light rain,1588269600,18
14,12,Light rain,1588312800,6
18,16,Light rain,1588334400,12
18,15,Overcast,1588356000,18
20,11,Sunny,1588399200,6
23,21,Sunny,1588420800,12
22,19,Sunny,1588442400,18
20,13,Sunny,1588485600,6
26,22,Sunny,1588507200,12
25,22,Clear,1588528800,18
21,18,Sunny,1588572000,6
21,14,Partly sunny,1588593600,12
13,10,Passing clouds,1588615200,18
14,8,Sunny,1588658400,6
17,15,Sunny,1588680000,12
16,13,Clear,1588701600,18
11,9,Overcast,1588744800,6
11,8,Light rain,1588766400,12
8,7,Overcast,1588788000,18
17,8,Sunny,1588831200,6
19,17,Passing clouds,1588852800,12
17,15,Passing clouds,1588874400,18
12,9,Partly sunny,1588917600,6
9,8,Light rain,1588939200,12
7,5,Light rain,1588960800,18
7,1,Scattered clouds,1589004000,6
8,6,Scattered clouds,1589025600,12
6,5,Passing clouds,1589047200,18
13,4,Sunny,1589090400,6
17,16,Sunny,1589112000,12
17,13,Clear,1589133600,18
13,11,Sunny,1589176800,6
16,11,Partly sunny,1589198400,12
12,7,Passing clouds,1589220000,18
13,7,Sunny,1589263200,6
15,14,Sunny,1589284800,12
14,10,Overcast,1589306400,18
13,5,Sunny,1589349600,6
17,14,Sunny,1589371200,12
16,12,Clear,1589392800,18
17,11,Sunny,1589436000,6
18,17,Sunny,1589457600,12
17,16,Passing clouds,1589479200,18
24,16,Mostly cloudy,1589522400,6
29,26,Sunny,1589544000,12
27,19,Sunny,1589565600,18
22,18,Sunny,1589608800,6
24,23,Sunny,1589630400,12
24,17,Clear,1589652000,18
19,13,Sunny,1589695200,6
19,16,Sunny,1589716800,12
15,14,Overcast,1589738400,18
17,13,Overcast,1589781600,6
21,19,Sunny,1589803200,12
18,14,Clear,1589824800,18
18,14,Sunny,1589868000,6
19,17,Sunny,1589889600,12
16,12,Clear,1589911200,18
15,12,Sunny,1589954400,6
18,17,Sunny,1589976000,12
15,10,Clear,1589997600,18
18,10,Sunny,1590040800,6
19,17,Sunny,1590062400,12
16,13,Clear,1590084000,18
22,14,Sunny,1590127200,6
24,20,Partly sunny,1590148800,12
19,17,Low clouds,1590170400,18
18,17,Fog,1590213600,6
19,14,Light rain,1590235200,12
14,13,Mostly cloudy,1590256800,18
17,11,Overcast,1590300000,6
19,17,Partly sunny,1590321600,12
17,14,Passing clouds,1590343200,18
18,13,Overcast,1590386400,6
21,18,Overcast,1590408000,12
21,16,Clear,1590429600,18
23,16,Overcast,1590472800,6
24,22,Sunny,1590494400,12
20,16,Clear,1590516000,18
23,16,Sunny,1590559200,6
26,21,Sunny,1590580800,12
21,18,Passing clouds,1590602400,18
23,19,Overcast,1590645600,6
24,22,Mostly cloudy,1590667200,12
22,19,Low clouds,1590688800,18
25,21,Partly sunny,1590732000,6
27,26,Sunny,1590753600,12
26,19,Passing clouds,1590775200,18
23,19,Passing clouds,1590818400,6
27,25,Sunny,1590840000,12
26,21,Passing clouds,1590861600,18
18,13,Sunny,1590904800,6
21,19,Partly sunny,1590926400,12
18,14,Clear,1590948000,18
18,11,Sunny,1590991200,6
21,17,Passing clouds,1591012800,12
20,16,Passing clouds,1591034400,18
21,16,Sunny,1591077600,6
22,21,Broken clouds,1591099200,12
22,20,Overcast,1591120800,18
23,17,Sunny,1591164000,6
25,21,Sunny,1591185600,12
26,19,Sunny,1591207200,18
28,21,Sunny,1591250400,6
29,26,Sunny,1591272000,12
26,24,Sunny,1591293600,18
23,21,Fog,1591336800,6
26,24,Broken clouds,1591358400,12
22,22,Light rain,1591380000,18
28,22,Fog,1591423200,6
29,24,Passing clouds,1591444800,12
29,23,Clear,1591466400,18
23,17,Sunny,1591509600,6
24,23,Partly sunny,1591531200,12
23,19,Passing clouds,1591552800,18
23,15,Sunny,1591596000,6
26,24,Sunny,1591617600,12
26,22,Clear,1591639200,18
28,19,Sunny,1591682400,6
30,29,Sunny,1591704000,12
29,26,Clear,1591725600,18
27,22,Sunny,1591768800,6
29,25,Sunny,1591790400,12
25,22,Clear,1591812000,18
27,21,Overcast,1591855200,6
28,23,Light rain,1591876800,12
24,23,Clear,1591898400,18
28,21,Sunny,1591941600,6
29,27,Sunny,1591963200,12
27,23,Passing clouds,1591984800,18
21,16,Sunny,1592028000,6
23,21,Sunny,1592049600,12
22,16,Clear,1592071200,18
21,13,Sunny,1592114400,6
23,21,Passing clouds,1592136000,12
20,17,Clear,1592157600,18
21,17,Sunny,1592200800,6
23,22,Sunny,1592222400,12
21,17,Clear,1592244000,18
24,17,Sunny,1592287200,6
24,23,Sunny,1592308800,12
23,19,Clear,1592330400,18
23,17,Sunny,1592373600,6
25,22,Sunny,1592395200,12
22,19,Low clouds,1592416800,18
24,19,Low clouds,1592460000,6
24,23,Partly sunny,1592481600,12
23,19,Fog,1592503200,18
27,19,Scattered clouds,1592546400,6
28,24,Sunny,1592568000,12
23,23,Passing clouds,1592589600,18
28,22,Sunny,1592632800,6
29,26,Sunny,1592654400,12
25,23,Clear,1592676000,18
27,22,Sunny,1592719200,6
30,27,Sunny,1592740800,12
27,24,Clear,1592762400,18
29,23,Sunny,1592805600,6
32,29,Passing clouds,1592827200,12
28,25,Clear,1592848800,18
29,24,Sunny,1592892000,6
30,27,Sunny,1592913600,12
26,24,Clear,1592935200,18
28,24,Partly sunny,1592978400,6
29,28,Sunny,1593000000,12
28,25,Clear,1593021600,18
28,22,Sunny,1593064800,6
30,26,Sunny,1593086400,12
26,23,Clear,1593108000,18
28,22,Sunny,1593151200,6
30,28,Passing clouds,1593172800,12
28,25,Clear,1593194400,18
26,23,Sunny,1593237600,6
27,23,Light rain,1593259200,12
25,24,Clear,1593280800,18
30,24,Sunny,1593324000,6
32,29,Sunny,1593345600,12
24,22,Passing clouds,1593367200,18
28,21,Sunny,1593410400,6
30,29,Scattered clouds,1593432000,12
21,19,Clear,1593453600,18
26,20,Sunny,1593496800,6
26,21,Passing clouds,1593518400,12
23,21,Passing clouds,1593540000,18
26,21,Partly sunny,1593583200,6
26,21,Passing clouds,1593604800,12
25,21,Scattered clouds,1593626400,18
29,21,Sunny,1593669600,6
33,31,Sunny,1593691200,12
32,27,Clear,1593712800,18
31,26,Sunny,1593756000,6
32,28,Partly sunny,1593777600,12
28,22,Fog,1593799200,18
26,21,Overcast,1593842400,6
31,28,Sunny,1593864000,12
27,22,Haze,1593885600,18
29,23,Overcast,1593928800,6
33,32,Sunny,1593950400,12
30,27,Clear,1593972000,18
33,25,Sunny,1594015200,6
35,21,Light rain,1594036800,12
22,21,Light rain,1594058400,18
25,23,Partly sunny,1594101600,6
27,26,Mostly cloudy,1594123200,12
26,24,Mostly cloudy,1594144800,18
28,24,Scattered clouds,1594188000,6
28,24,Mostly cloudy,1594209600,12
27,24,Clear,1594231200,18
30,25,Passing clouds,1594274400,6
31,29,Sunny,1594296000,12
27,24,Clear,1594317600,18
25,23,Low clouds,1594360800,6
23,23,Heavy rain,1594382400,12
23,23,Light rain,1594404000,18
28,23,Partly sunny,1594447200,6
28,26,Light rain,1594468800,12
27,23,Clear,1594490400,18
27,22,Sunny,1594533600,6
30,28,Sunny,1594555200,12
30,23,Sunny,1594576800,18
28,23,Sunny,1594620000,6
29,28,Scattered clouds,1594641600,12
28,26,Passing clouds,1594663200,18
27,22,Sunny,1594706400,6
29,27,Passing clouds,1594728000,12
28,25,Overcast,1594749600,18
26,22,Partly sunny,1594792800,6
27,24,Partly sunny,1594814400,12
24,22,Passing clouds,1594836000,18
24,21,Mostly cloudy,1594879200,6
24,23,Sunny,1594900800,12
22,21,Clear,1594922400,18
23,21,Mostly cloudy,1594965600,6
29,25,Overcast,1594987200,12
28,26,Sunny,1595008800,18
31,23,Sunny,1595052000,6
32,31,Sunny,1595073600,12
31,26,Clear,1595095200,18
32,26,Sunny,1595138400,6
34,31,Sunny,1595160000,12
31,28,Clear,1595181600,18
32,28,Sunny,1595224800,6
33,32,Scattered clouds,1595246400,12
32,28,Clear,1595268000,18
31,26,Sunny,1595311200,6
33,30,Sunny,1595332800,12
29,27,Clear,1595354400,18
29,26,Scattered clouds,1595397600,6
33,29,Passing clouds,1595419200,12
24,22,Heavy rain,1595440800,18
26,23,Scattered clouds,1595484000,6
29,28,Sunny,1595505600,12
30,27,Passing clouds,1595527200,18
25,23,Mostly cloudy,1595570400,6
26,23,Partly sunny,1595592000,12
25,24,Passing clouds,1595613600,18
29,23,Sunny,1595656800,6
31,29,Sunny,1595678400,12
29,27,Clear,1595700000,18
31,25,Sunny,1595743200,6
33,31,Sunny,1595764800,12
31,28,Clear,1595786400,18
32,26,Sunny,1595829600,6
34,32,Sunny,1595851200,12
32,30,Clear,1595872800,18
32,27,Sunny,1595916000,6
33,30,Scattered clouds,1595937600,12
29,27,Passing clouds,1595959200,18
28,26,Scattered clouds,1596002400,6
32,29,Sunny,1596024000,12
29,28,Clear,1596045600,18
32,25,Sunny,1596088800,6
33,32,Sunny,1596110400,12
31,27,Clear,1596132000,18
23,22,Fog,1596175200,6
27,22,Broken clouds,1596196800,12
26,24,Clear,1596218400,18
28,23,Sunny,1596261600,6
30,28,Sunny,1596283200,12
27,25,Clear,1596304800,18
27,25,Overcast,1596348000,6
31,28,Sunny,1596369600,12
30,28,Clear,1596391200,18
29,25,Sunny,1596434400,6
31,29,Sunny,1596456000,12
29,21,Passing clouds,1596477600,18
25,23,Fog,1596520800,6
26,21,Light rain,1596542400,12
26,24,Passing clouds,1596564000,18
29,23,Scattered clouds,1596607200,6
29,28,Warm,1596628800,12
28,24,Mild,1596650400,18
25,22,Warm,1596693600,6
26,25,Warm,1596715200,12
24,23,Mild,1596736800,18
24,19,Light rain,1596780000,6
26,24,Mild,1596801600,12
23,21,Fog,1596823200,18
24,21,Mild,1596866400,6
28,26,Warm,1596888000,12
25,23,Mild,1596909600,18
28,23,Warm,1596952800,6
31,28,Warm,1596974400,12
27,26,Warm,1596996000,18
31,24,Hot,1597039200,6
32,30,Warm,1597060800,12
30,28,Warm,1597082400,18
29,26,Warm,1597125600,6
29,27,Warm,1597147200,12
28,26,Warm,1597168800,18
31,26,Hot,1597212000,6
31,22,Rain,1597233600,12
27,26,Warm,1597255200,18
25,22,Light rain,1597298400,6
25,23,Mild,1597320000,12
24,23,Mild,1597341600,18
28,23,Warm,1597384800,6
29,27,Overcast,1597406400,12
27,24,Clear,1597428000,18
27,23,Sunny,1597471200,6
28,25,Sunny,1597492800,12
24,23,Passing clouds,1597514400,18
20,19,Light rain,1597557600,6
21,19,Overcast,1597579200,12
21,20,Overcast,1597600800,18
25,18,Sunny,1597644000,6
27,23,Sunny,1597665600,12
23,19,Passing clouds,1597687200,18
25,18,Sunny,1597730400,6
27,26,Scattered clouds,1597752000,12
27,23,Clear,1597773600,18
22,19,Mostly cloudy,1597816800,6
23,21,Broken clouds,1597838400,12
23,21,Clear,1597860000,18
24,17,Sunny,1597903200,6
26,25,Sunny,1597924800,12
24,21,Clear,1597946400,18
27,21,Sunny,1597989600,6
28,27,Passing clouds,1598011200,12
28,24,Clear,1598032800,18
29,23,Sunny,1598076000,6
30,28,Sunny,1598097600,12
28,26,Clear,1598119200,18
27,24,Sunny,1598162400,6
29,27,Sunny,1598184000,12
27,26,Clear,1598205600,18
30,24,Sunny,1598248800,6
32,30,Passing clouds,1598270400,12
31,27,Clear,1598292000,18
29,24,Sunny,1598335200,6
31,29,Scattered clouds,1598356800,12
27,22,Clear,1598378400,18
22,19,Sunny,1598421600,6
24,24,Sunny,1598443200,12
23,22,Clear,1598464800,18
26,19,Partly sunny,1598508000,6
31,29,Scattered clouds,1598529600,12
32,22,Clear,1598551200,18
27,22,Sunny,1598594400,6
29,28,Sunny,1598616000,12
26,23,Clear,1598637600,18
24,23,Mostly cloudy,1598680800,6
27,24,Partly sunny,1598702400,12
26,25,Passing clouds,1598724000,18
23,20,Sunny,1598767200,6
26,24,Partly sunny,1598788800,12
24,21,Clear,1598810400,18
22,18,Sunny,1598853600,6
24,22,Sunny,1598875200,12
23,22,Passing clouds,1598896800,18
22,19,Light rain,1598940000,6
24,21,Light rain,1598961600,12
23,22,Mostly cloudy,1598983200,18
23,21,Light rain,1599026400,6
26,24,Broken clouds,1599048000,12
26,24,Passing clouds,1599069600,18
26,23,Sunny,1599112800,6
29,27,Sunny,1599134400,12
26,22,Fog,1599156000,18
27,21,Sunny,1599199200,6
29,27,Sunny,1599220800,12
27,22,Clear,1599242400,18
24,18,Sunny,1599285600,6
26,24,Sunny,1599307200,12
23,21,Clear,1599328800,18
25,19,Sunny,1599372000,6
27,25,Sunny,1599393600,12
24,22,Clear,1599415200,18
26,19,Sunny,1599458400,6
26,23,Sunny,1599480000,12
23,22,Clear,1599501600,18
27,20,Overcast,1599544800,6
28,26,Sunny,1599566400,12
24,21,Clear,1599588000,18
25,21,Sunny,1599631200,6
27,26,Sunny,1599652800,12
25,24,Overcast,1599674400,18
26,23,Light rain,1599717600,6
27,26,Partly sunny,1599739200,12
26,23,Light rain,1599760800,18
23,22,Partly sunny,1599804000,6
24,23,Partly sunny,1599825600,12
22,18,Passing clouds,1599847200,18
20,16,Partly sunny,1599890400,6
22,20,Scattered clouds,1599912000,12
19,17,Clear,1599933600,18
22,18,Mostly cloudy,1599976800,6
23,22,Overcast,1599998400,12
22,22,Mostly cloudy,1600020000,18
23,21,Sunny,1600063200,6
24,23,Scattered clouds,1600084800,12
22,16,Clear,1600106400,18
17,12,Sunny,1600149600,6
19,17,Sunny,1600171200,12
17,16,Clear,1600192800,18
20,14,Sunny,1600236000,6
21,21,Scattered clouds,1600257600,12
20,19,Clear,1600279200,18
22,18,Sunny,1600322400,6
23,22,Sunny,1600344000,12
22,21,Clear,1600365600,18
19,17,Mostly cloudy,1600408800,6
21,19,Sunny,1600430400,12
19,14,Clear,1600452000,18
16,10,Sunny,1600495200,6
17,16,Sunny,1600516800,12
16,13,Clear,1600538400,18
16,10,Sunny,1600581600,6
18,16,Sunny,1600603200,12
15,12,Clear,1600624800,18
17,11,Sunny,1600668000,6
18,17,Sunny,1600689600,12
15,13,Clear,1600711200,18
18,10,Sunny,1600754400,6
22,19,Sunny,1600776000,12
20,17,Clear,1600797600,18
23,14,Sunny,1600840800,6
26,24,Sunny,1600862400,12
24,21,Clear,1600884000,18
23,17,Sunny,1600927200,6
24,22,Sunny,1600948800,12
22,20,Clear,1600970400,18
23,17,Sunny,1601013600,6
25,23,Sunny,1601035200,12
21,19,Clear,1601056800,18
22,19,Overcast,1601100000,6
23,22,Partly sunny,1601121600,12
22,20,Passing clouds,1601143200,18
23,21,Overcast,1601186400,6
26,24,More clouds than sun,1601208000,12
24,22,Mostly cloudy,1601229600,18
23,21,Broken clouds,1601272800,6
25,23,Sunny,1601294400,12
23,21,Clear,1601316000,18
23,21,Mostly cloudy,1601359200,6
23,22,Light rain,1601380800,12
22,21,Light rain,1601402400,18
18,16,Partly sunny,1601445600,6
20,19,Scattered clouds,1601467200,12
19,17,Clear,1601488800,18
21,16,Sunny,1601532000,6
21,19,Mostly cloudy,1601553600,12
19,18,Overcast,1601575200,18
14,13,Overcast,1601618400,6
18,15,Partly sunny,1601640000,12
16,14,Clear,1601661600,18
17,11,Sunny,1601704800,6
19,17,Sunny,1601726400,12
17,13,Clear,1601748000,18
18,11,Sunny,1601791200,6
19,17,Scattered clouds,1601812800,12
17,14,Clear,1601834400,18
19,12,Sunny,1601877600,6
20,18,Overcast,1601899200,12
17,16,Clear,1601920800,18
18,14,Sunny,1601964000,6
21,18,Sunny,1601985600,12
18,16,Clear,1602007200,18
22,16,Sunny,1602050400,6
23,20,Sunny,1602072000,12
21,17,Clear,1602093600,18
17,13,Sunny,1602136800,6
17,16,Sunny,1602158400,12
15,12,Clear,1602180000,18
17,12,Partly sunny,1602223200,6
20,18,Sunny,1602244800,12
19,17,Clear,1602266400,18
19,15,Sunny,1602309600,6
21,19,Sunny,1602331200,12
21,19,Clear,1602352800,18
18,17,Mostly cloudy,1602396000,6
19,17,Overcast,1602417600,12
17,15,Mostly cloudy,1602439200,18
11,9,Light rain,1602482400,6
12,11,Light rain,1602504000,12
13,12,Light rain,1602525600,18
14,12,Light rain,1602568800,6
14,13,Overcast,1602590400,12
14,13,Overcast,1602612000,18
17,11,Sunny,1602655200,6
19,18,Sunny,1602676800,12
17,16,Clear,1602698400,18
21,15,Sunny,1602741600,6
21,18,Sunny,1602763200,12
19,17,Clear,1602784800,18
17,12,Overcast,1602828000,6
12,10,Light rain,1602849600,12
11,9,Light rain,1602871200,18
12,7,Sunny,1602914400,6
15,13,Sunny,1602936000,12
12,10,Clear,1602957600,18
16,8,Sunny,1603000800,6
16,14,Partly sunny,1603022400,12
14,12,Clear,1603044000,18
17,11,Passing clouds,1603087200,6
18,16,Overcast,1603108800,12
16,14,Clear,1603130400,18
18,15,Fog,1603173600,6
21,19,Overcast,1603195200,12
18,17,Fog,1603216800,18
18,16,Low clouds,1603260000,6
20,18,Overcast,1603281600,12
18,17,Fog,1603303200,18
19,18,Fog,1603346400,6
20,19,Overcast,1603368000,12
19,18,Fog,1603389600,18
19,17,Fog,1603432800,6
20,18,Partly sunny,1603454400,12
18,17,Overcast,1603476000,18
18,17,Overcast,1603519200,6
21,17,Overcast,1603540800,12
16,9,Clear,1603562400,18
10,7,Sunny,1603605600,6
11,11,Mostly cloudy,1603627200,12
11,9,Overcast,1603648800,18
13,11,Fog,1603692000,6
14,12,Fog,1603713600,12
15,14,Fog,1603735200,18
14,12,Overcast,1603778400,6
14,13,Overcast,1603800000,12
13,12,Overcast,1603821600,18
12,11,Light rain,1603864800,6
14,12,Fog,1603886400,12
14,13,Overcast,1603908000,18
12,10,Light rain,1603951200,6
10,9,Rain,1603972800,12
9,8,Light rain,1603994400,18
6,3,Light rain,1604037600,6
6,4,Mostly cloudy,1604059200,12
4,3,Passing clouds,1604080800,18
6,0,Sunny,1604124000,6
8,6,Sunny,1604145600,12
7,6,Passing clouds,1604167200,18
13,9,Overcast,1604210400,6
12,11,Light rain,1604232000,12
12,7,Light rain,1604253600,18
6,4,Partly sunny,1604296800,6
7,6,Sunny,1604318400,12
6,4,Clear,1604340000,18
11,6,Sunny,1604383200,6
12,11,Partly sunny,1604404800,12
11,7,Overcast,1604426400,18
16,6,Sunny,1604469600,6
16,14,Sunny,1604491200,12
15,12,Clear,1604512800,18
18,12,Sunny,1604556000,6
19,16,Sunny,1604577600,12
16,15,Clear,1604599200,18
19,14,Sunny,1604642400,6
21,18,Sunny,1604664000,12
18,16,Clear,1604685600,18
21,14,Sunny,1604728800,6
23,21,Sunny,1604750400,12
21,17,Clear,1604772000,18
22,13,Sunny,1604815200,6
23,19,Sunny,1604836800,12
18,14,Clear,1604858400,18
22,13,Sunny,1604901600,6
23,19,Sunny,1604923200,12
18,17,Clear,1604944800,18
21,16,Sunny,1604988000,6
23,19,Scattered clouds,1605009600,12
20,19,Clear,1605031200,18
22,19,Cloudy,1605074400,6
22,19,Light rain,1605096000,12
20,19,Light rain,1605117600,18
19,12,Light rain,1605160800,6
12,8,Light rain,1605182400,12
10,9,Overcast,1605204000,18
9,8,Light rain,1605247200,6
10,9,Light rain,1605268800,12
9,9,Clear,1605290400,18
10,7,Sunny,1605333600,6
11,9,Sunny,1605355200,12
9,6,Clear,1605376800,18
13,7,Sunny,1605420000,6
16,13,Mostly cloudy,1605441600,12
17,12,Light rain,1605463200,18
11,8,Sunny,1605506400,6
12,10,Sunny,1605528000,12
10,7,Clear,1605549600,18
10,7,Overcast,1605592800,6
9,6,Broken clouds,1605614400,12
5,2,Passing clouds,1605636000,18
1,0,Sunny,1605679200,6
2,1,Sunny,1605700800,12
1,-1,Clear,1605722400,18
6,-1,Sunny,1605765600,6
9,7,Sunny,1605787200,12
8,8,Clear,1605808800,18
13,8,Sunny,1605852000,6
17,15,Sunny,1605873600,12
16,13,Clear,1605895200,18
17,13,Sunny,1605938400,6
18,13,Overcast,1605960000,12
13,9,Passing clouds,1605981600,18
9,7,Overcast,1606024800,6
11,9,Overcast,1606046400,12
15,12,Low clouds,1606068000,18
15,9,Rain,1606111200,6
9,7,Sunny,1606132800,12
6,6,Clear,1606154400,18
8,5,Partly sunny,1606197600,6
9,8,Sunny,1606219200,12
7,7,Clear,1606240800,18
13,9,Passing clouds,1606284000,6
12,11,Overcast,1606305600,12
13,11,Overcast,1606327200,18
17,14,Light rain,1606370400,6
18,16,Partly sunny,1606392000,12
16,13,Clear,1606413600,18
16,11,Sunny,1606456800,6
16,14,Overcast,1606478400,12
13,11,Passing clouds,1606500000,18
12,9,Partly sunny,1606543200,6
13,9,Overcast,1606564800,12
9,7,Clear,1606586400,18
12,5,Sunny,1606629600,6
12,11,Sunny,1606651200,12
11,11,Clear,1606672800,18
15,12,Light rain,1606716000,6
17,16,Light rain,1606737600,12
17,16,Light rain,1606759200,18
13,11,Partly sunny,1606802400,6
10,7,More clouds than sun,1606824000,12
6,3,Overcast,1606845600,18
5,3,Cloudy,1606888800,6
6,5,Overcast,1606910400,12
6,3,Clear,1606932000,18
7,2,Sunny,1606975200,6
9,8,Sunny,1606996800,12
9,9,Clear,1607018400,18
11,8,Overcast,1607061600,6
11,8,Overcast,1607083200,12
8,7,Light rain,1607104800,18
7,4,Light rain,1607148000,6
8,6,More clouds than sun,1607169600,12
6,4,Clear,1607191200,18
3,2,Sunny,1607234400,6
4,2,Sunny,1607256000,12
2,1,Clear,1607277600,18
3,0,Sunny,1607320800,6
4,3,Sunny,1607342400,12
3,0,Clear,1607364000,18
0,-1,Overcast,1607407200,6
2,1,Overcast,1607428800,12
2,1,Clear,1607450400,18
3,1,Passing clouds,1607493600,6
2,0,Light snow,1607515200,12
3,2,Overcast,1607536800,18
8,4,Sunny,1607580000,6
9,7,Sunny,1607601600,12
7,5,Clear,1607623200,18
11,5,Sunny,1607666400,6
13,12,Sunny,1607688000,12
12,11,Clear,1607709600,18
10,8,Fog,1607752800,6
13,11,Fog,1607774400,12
14,13,Clear,1607796000,18
16,12,Sunny,1607839200,6
16,11,Sunny,1607860800,12
11,8,Clear,1607882400,18
6,4,Light rain,1607925600,6
4,2,Light rain,1607947200,12
4,2,Clear,1607968800,18
3,1,Sunny,1608012000,6
4,1,Sunny,1608033600,12
1,-1,Clear,1608055200,18
-1,-3,Sunny,1608098400,6
-1,-4,Light snow,1608120000,12
-2,-4,Light snow,1608141600,18
-1,-4,Light snow,1608184800,6
0,-2,Light snow,1608206400,12
-2,-3,Clear,1608228000,18
-1,-4,Overcast,1608271200,6
0,-2,Overcast,1608292800,12
-2,-4,Clear,1608314400,18
-1,-7,Sunny,1608357600,6
0,-1,Sunny,1608379200,12
0,-1,Clear,1608400800,18
2,1,More clouds than sun,1608444000,6
4,2,Fog,1608465600,12
4,3,Overcast,1608487200,18
5,4,Overcast,1608530400,6
7,6,Sunny,1608552000,12
6,4,Overcast,1608573600,18
7,3,Partly sunny,1608616800,6
7,6,Partly sunny,1608638400,12
7,5,Overcast,1608660000,18
6,3,Sunny,1608703200,6
7,5,Sunny,1608724800,12
6,5,Clear,1608746400,18
14,11,Overcast,1608789600,6
14,13,Mostly cloudy,1608811200,12
15,14,Overcast,1608832800,18
13,12,Light rain,1608876000,6
12,3,Partly sunny,1608897600,12
2,-1,Overcast,1608919200,18
-2,-4,Sunny,1608962400,6
0,-1,Sunny,1608984000,12
-2,-3,Clear,1609005600,18
2,-4,Sunny,1609048800,6
3,2,Sunny,1609070400,12
2,2,Clear,1609092000,18
8,6,Sunny,1609135200,6
10,8,Sunny,1609156800,12
9,6,Clear,1609178400,18
3,2,Passing clouds,1609221600,6
3,2,Scattered clouds,1609243200,12
1,-1,Clear,1609264800,18
2,-1,Sunny,1609308000,6
4,2,Sunny,1609329600,12
6,5,Clear,1609351200,18
8,7,Rain,1609394400,6
7,5,Mostly cloudy,1609416000,12
4,2,Clear,1609437600,18
